<?xml version="1.0"?>
<assets base_path="assets/" load="startup">
	<group name="guis/textures/wolfhud/" path="assets/">
		<group :name="hudlist/" :path="hudlist/">
			<file :name="weapon_charge.texture" :path="weapon_charge.texture"/>
			<file :name="mask_up.texture" :path="mask_up.texture"/>
		</group>

		<group :name="drivinghud/" :path="drivinghud/">
			<file :name="legend.texture" :path="legend.texture"/>

			<file :name="bike.texture" :path="bike.texture"/>
			<file :name="blackhawk.texture" :path="blackhawk.texture"/>
			<file :name="boat.texture" :path="boat.texture"/>
			<file :name="falcogini.texture" :path="falcogini.texture"/>
			<file :name="forklift.texture" :path="forklift.texture"/>
			<file :name="longfellow.texture" :path="longfellow.texture"/>
			<file :name="truck.texture" :path="truck.texture"/>
		</group>
	</group>
</assets>