{
	"menu_jowi" : "Wick",
	"hud_int_hold_grab_the_bag" : "MAINTENEZ $INTERACT POUR PRENDRE $BAG",

	"wolfhud_dialog_force_start_title" : "Forcer le début de la partie?",
	"wolfhud_dialog_force_start_desc" : "Êtes-vous sûr de vouloir forcer le début de la partie??\n\nN'utilisez cette option que pour les lobby buggés, ou si un autre joueur est absent.\nAssurez-vous que tout le monde ait eu le temps de choisir son équipement s'il vous plaît.\n\nMerci! :)",
	"wolfhud_dialog_install_title" : "Installer: $NAME",
	"wolfhud_dialog_install_desc" : "Êtes-vous sûr de vouloir installer '$NAME'?",
	"wolfhud_dialog_remind_later" : "Plus tard",
	"wolfhud_dialog_install_fed_inv_desc" : "Federal Inventory est un mod qui fournit des icônes en couleur pour vos armes, masques et équipements.\nIl a besoin du gestionnaire de mises à jour de BLT et s'accorde bien avec CustomHUD.",
	"wolfhud_dialog_rename_inv_tab" : "Renommer cette page d'inventaire",
	"wolfhud_dialog_rename_inv_tab_desc" : "Entrez un nom pour cette page de votre inventaire.",
	"wolfhud_dialog_save" : "Sauvegarder",
	"wolfhud_dialog_requires_superblt_title" : "[WolfHUD] No SuperBLT detected!",
	"wolfhud_dialog_requires_superblt_desc_long" : "WolfHUD requires SuperBLT in order to work.\nSuperBLT is a fork of the BLT mod-loading hook for PAYDAY 2, with a number of major improvements. \nIt is fully backwards-compatable with regular BLT mods.\n\nYou can find further information and installation instructions here: \n$URL",
	"wolfhud_dialog_requires_superblt_desc_short" : "WolfHUD is no longer compatable with regular BLT.\nPlease update to SuperBLT to continue using it.\nYou can find SuperBLT at '$URL'.",
	"wolfhud_dialog_update_install_folder_title" : "[WolfHUD] Auto-Updates compromised!",
	"wolfhud_dialog_update_install_folder_desc" : "For automatic updates, WolfHUD's install folder \nneeds to be named 'mods/WolfHUD-master/'. \n(Currently its 'mods/$FOLDER/')",
	"woldhud_notification_disabled_override_title" : "WolfHUD: $NAME est désactivé.",
	"woldhud_notification_disabled_override_desc" : "Si vous changez d'avis, cliquez ici.",
	"woldhud_notification_restart_override_title" : "WolfHUD: $NAME est prêt à être installé.",
	"woldhud_notification_restart_override_desc" : "Redémarrez votre jeu pour lancer le téléchargement.",

	"wolfhud_int_locked" : "APPUYEZ SUR $BTN_CANCEL POUR INTERROMPRE",
	"wolfhud_int_locked_pager" : "APPUYEZ SUR $BTN_CANCEL POUR INTERROMPRE\n(DÉCLENCHE L'ALARME)",

	"wolfhud_buy_all_assets" : "TOUT ACHETER",
	"wolfhud_buy_all_assets_desc" : "Achète tous les atouts que vous êtes en mesure d'obtenir.",

	"wolfhud_preplanning_save" : "Sauvegarder le plan",
	"wolfhud_preplanning_load" : "Charger le plan",
	"wolfhud_preplanning_reset" : "Réinitialiser le plan",
	"wolfhud_preplanning_reset_all" : "Tout réinitialiser",
	"wolfhud_preplanning_delete" : "Supprimer le plan",
	"wolfhud_preplanning_save_tooltip_title" : "Sauvegarder ce plan:",
	"wolfhud_preplanning_save_tooltip_desc" : "Sauvegarder ce plan vous permettra d'y accéder plus facilement la prochaine fois que vous jouerez cette mission.",
	"wolfhud_preplanning_load_tooltip_title" : "Charger un plan:",
	"wolfhud_preplanning_load_tooltip_desc" : "Ouvre un menu avec tous les plans que vous avez sauvegardés.",
	"wolfhud_preplanning_reset_tooltip_title" : "Réinitialiser ce plan:",
	"wolfhud_preplanning_reset_tooltip_desc" : "Supprime toutes vos faveurs sur ce plan, ainsi que les votes.",
	"wolfhud_preplanning_reset_all_tooltip_title" : "Réinitialiser complètement ce plan:",
	"wolfhud_preplanning_reset_all_tooltip_desc" : "Supprime les faveurs et les votes de ce plan de tous les joueurs.",
	"wolfhud_preplanning_delete_tooltip_title" : "Supprimer un plan sauvegardé",
	"wolfhud_preplanning_delete_tooltip_desc" : "Nettoyez la liste de vos plans sauvegardés en les supprimant.",
	"wolfhud_preplanning_manager_title" : "Gestionnaire de planification",
	"wolfhud_preplanning_error_no_saved_plans" : "Aucun plan n'a été sauvegardé.",
	"wolfhud_preplanning_error_max_plans_reached" : "Vous avez atteint la limite de plans sauvegardés.",
	"wolfhud_preplanning_votes_title" : "Votes:",
	"wolfhud_preplanning_assets_title" : "Faveurs:",
	"wolfhud_preplanning_dialog_save" : "Sauvegarder?",
	"wolfhud_preplanning_dialog_save_desc" : "$PLAN\n\n\nEntrez un nom pour ce plan.\n(Utiliser un nom déjà pris par un autre plan écrasera celui-ci.)",
	"wolfhud_preplanning_dialog_delete" : "Supprimer?",
	"wolfhud_preplanning_dialog_delete_desc" : "Êtes-vous sûr de vouloir supprimer le plan '$NAME'?",
	"wolfhud_preplanning_msg_saved_success" : "Le plan a été sauvegardé correctement.",
	"wolfhud_preplanning_msg_saved_failed" : "Une erreur est survenue lors de la sauvegarde du plan.",
	"wolfhud_preplanning_msg_no_save_slot" : "Vous avez atteint la limite de plans sauvegardés.",
	"wolfhud_preplanning_msg_no_current_plan" : "Rien n'a été planifié et ne peut être sauvegardé.",
	"wolfhud_preplanning_msg_loaded_success" : "Le plan a été chargé correctement.",
	"wolfhud_preplanning_msg_loaded_failed" : "Une erreur est survenue lors du chargement du plan.",
	"wolfhud_preplanning_msg_loaded_partitially" : "Le plan n'a été chargé que partiellement: $ERRORMSG",
	"wolfhud_preplanning_msg_loaded_missing_skill" : "Vous n'avez pas la compétence nécessaire",
	"wolfhud_preplanning_msg_loaded_missing_favours" : "Vous n'avez pas assez de faveurs",
	"wolfhud_preplanning_msg_loaded_missing_money" : "Vous n'avez pas assez d'argent",
	"wolfhud_preplanning_msg_reseted_success" : "Le plan a été réinitialisé.",
	"wolfhud_preplanning_msg_reseted_failed" : "Une erreur est survenue lors de la réinitialisation du plan.",
	"wolfhud_preplanning_msg_deleted_success" : "Le plan a été supprimé correctement.",
	"wolfhud_preplanning_msg_deleted_failed" : "Une erreur est survenue lors de la suppression du plan.",
	"wolfhud_preplanning_msg_folder_creation_failed" : "Impossible de créer le dossier: $FOLDER \nAssurez-vous que le jeu possède les droits requis ou créez le dossier manuellement.",
	"wolfhud_preplanning_msg_file_creation_failed" : "Impossible de créer le fichier: $FILE \nAssurez-vous que le jeu possède les droits requis ou créez le dossier manuellement.",

	"wolfhud_inv_tab_rename_hint" : "Double-cliquez sur un onglet de votre inventaire pour le renommer.",

	"wolfhud_loadout_hours_played" : "$HOURS heures.",

    "wolfhud_profile_switch_title" : "Changez de profil",
    "wolfhud_profile_switch_title_profiles" : "Profil:",

	"victory_most_damage" : "Dégâts maximal:",
	"victory_session_damage" : "Dégâts totaux:",

	"wolfhud_advassault_phase_title" : "Phase: ",
	"wolfhud_advassault_spawns_title" : "Ennemis restants: ",
	"wolfhud_advassault_time_title" : "Temps restant: ",
	"wolfhud_advassault_phase_anticipation" : "Préparation",
	"wolfhud_advassault_phase_build" : "Début",
	"wolfhud_advassault_phase_sustain" : "En cours",
	"wolfhud_advassault_phase_fade" : "Fin",
	"wolfhud_advassault_time_overdue" : "RETARDÉ",
	"wolfhud_locked_assault" : "ASSAUT INFINI!!!  PARTEZ VITE D'ICI!!!",

	"wolfhud_customhud_interaction_done" : "FAIT",
	"wolfhud_customhud_interaction_aborted" : "INTERROMPU",

	"wolfhud_hudlist_device_timer" : "Temps restant",
	"wolfhud_hudlist_device_drill" : "Perceuse",
	"wolfhud_hudlist_device_hack" : "Piratage",
	"wolfhud_hudlist_device_saw" : "Scie",
	"wolfhud_hudlist_device_security" : "Hacks",
	"wolfhud_hudlist_device_security_bar" : "Hack $CURRENT/$TOTAL",
	"wolfhud_hudlist_loot_armor" : "Armure",
	"wolfhud_hudlist_loot_bomb" : "Bombe",
	"wolfhud_hudlist_loot_weapon" : "Armes",
	"wolfhud_hudlist_loot_diamond" : "Diamant",
	"wolfhud_hudlist_loot_evidence" : "Preuves",
	"wolfhud_hudlist_loot_toast" : "Toast",
	"wolfhud_hudlist_loot_crate" : "Caisse",
	"wolfhud_hudlist_loot_toothbrush" : "Brosse",
	"wolfhud_hudlist_loot_bag" : "Sac",
	"wolfhud_hudlist_loot_shoes" : "Chaussures",
	"wolfhud_hudlist_loot_toy" : "Jouet",
	"wolfhud_hudlist_loot_vr" : "Casque VR",
	"wolfhud_hudlist_loot_egg" : "Egg",
	"wolfhud_hudlist_loot_treasure" : "Treasure",
	"wolfhud_hudlist_showcase" : "Vitrine",

	"wolfhud_hudlist_buff_basic" : "Basique",
	"wolfhud_hudlist_buff_aced" : "Ace",
	"wolfhud_hudlist_buff_boost" : "Boost",
	"wolfhud_hudlist_buff_revive" : "+Boost",
	"wolfhud_hudlist_buff_crew_inspire_debuff" : "+Boost",
	"wolfhud_hudlist_buff_dmg_inc" : "+Dgts",
	"wolfhud_hudlist_buff_dmg_dec" : "-Dgts",
	"wolfhud_hudlist_buff_mdmg_inc" : "+M.Dgts",
	"wolfhud_hudlist_buff_phealth_reg" : "+PV",
	"wolfhud_hudlist_buff_tot_dodge" : "Esquive",

	"wolfhud_tabstats_total_damage" : "Dégâts totaux:",
	"wolfhud_tabstats_tanks_killed" : "Bulldozers tués:",
	"wolfhud_tabstats_cloakers_killed" : "Cloakers tués:",
	"wolfhud_tabstats_shields_killed" : "Shields tués:",
	"wolfhud_tabstats_snipers_killed" : "Snipers tués:",
	"wolfhud_tabstats_tasers_killed" : "Tasers tués:",
	"wolfhud_tabstats_gensec_killed" : "GENSEC tués:",
	"wolfhud_tabstats_medic_killed" : "Medics tués:",
	"wolfhud_tabstats_melee_kills" : "Victimes à la mêlée:",
	"wolfhud_tabstats_explosion_kills" : "Victimes par explosion:",
	"wolfhud_tabstats_nonspecial_kills" : "Ennemis lambda tués:",
	"wolfhud_tabstats_total_kills" : "Total Kills:",
	"wolfhud_tabstats_total_revives" : "Total des réanimations (Joueur/IA):",
	"wolfhud_tabstats_alltime_stat" : "Stats générales:",

	"wolfhud_enemy_civilian" : "Civil",
	"wolfhud_enemy_mariachi" : "Mariachi Band Member",
	"wolfhud_enemy_gangster" : "Gangster",
	"wolfhud_enemy_biker" : "Motard",
	"wolfhud_enemy_bolivian_security_mex" : "Coyopa Security",
	"wolfhud_enemy_bolivian_security" : "Garde de Sosa",
	"wolfhud_enemy_bolivian_thug" : "Malfra de Sosa",
	"wolfhud_enemy_mobster" : "Gangster russe",
	"wolfhud_enemy_security" : "Garde de sécurité",
	"wolfhud_enemy_gensec" : "Garde GENSEC",
	"wolfhud_enemy_cop" : "Officier de police",
	"wolfhud_enemy_fbi" : "Agent du FBI",
	"wolfhud_enemy_swat" : "Agent du SWAT",
	"wolfhud_enemy_heavy_swat" : "SWAT lourd",
    "wolfhud_enemy_heavy_swat_sniper" : "Sniper SWAT lourd",
	"wolfhud_enemy_city_swat" : "Unité d'élite",
	"wolfhud_enemy_shield" : "Shield",
	"wolfhud_enemy_spook" : "Cloaker",
	"wolfhud_enemy_shadow_spook" :"Shadow Cloaker",
	"wolfhud_enemy_taser" : "Taser",
	"wolfhud_enemy_sniper" : "Sniper",
	"wolfhud_enemy_medic" : "Medic",
	"wolfhud_enemy_tank" : "Bulldozer",
	"wolfhud_enemy_tank_hw" : "Dozer sans tête",
	"wolfhud_enemy_tank_medic" : "Dozer médic",
	"wolfhud_enemy_tank_mini" : "Dozer minigun",
	"wolfhud_enemy_phalanx_minion" : "Shield de Winters",
	"wolfhud_enemy_phalanx_vip" : "Capitaine Winters",
	"wolfhud_enemy_swat_van" : "TOURELLE DU SWAT",
	"wolfhud_enemy_ceiling_turret" : "TOURELLE",
	"wolfhud_enemy_aa_turret" : "Anti-Air Turret",
	"wolfhud_enemy_crate_turret" : "TOURELLE",
	"wolfhud_enemy_sentry_gun" : "TOURELLE",
	"wolfhud_enemy_mobster_boss" : "Le Commissaire",
	"wolfhud_enemy_chavez_boss" : "Chavez",
	"wolfhud_enemy_druglord_boss" : "Sosa",
	"wolfhud_enemy_druglord_boss_stealth" : "Sosa",
	"wolfhud_enemy_biker_boss" : "Chef des motards",
	"wolfhud_enemy_bank_manager" : "Directeur de banque",
	"wolfhud_enemy_dah_ralph" : "Ralph Garnet",
	"wolfhud_enemy_inside_man" : "Taupe",
	"wolfhud_enemy_escort_undercover" : "Percepteur",
	"wolfhud_enemy_escort_heatstreet" : "Matt",
	"wolfhud_enemy_escort_chinese_prisoner" : "Kazo",
	"wolfhud_enemy_escort_cfo" : "Comptable de Garnett",
	"wolfhud_enemy_escort_reservoirdogs" : "Mr. Pink",
	"wolfhud_enemy_escort_bain_locke" : "Locke / Bain",
	"wolfhud_enemy_drunk_pilot" : "Pilote bourré",
	"wolfhud_enemy_escort" : "Escorte",
	"wolfhud_enemy_boris" : "Boris",
	"wolfhud_enemy_spa_vip" : "Charon",
	"wolfhud_enemy_spa_vip_hurt" : "Charon (blessé)",
	"wolfhud_enemy_old_hoxton_mission" : "Hoxton",
	"wolfhud_enemy_locke_mission" : "Locke",
	"wolfhud_enemy_hector_boss" : "Hector",
	"wolfhud_enemy_hector_boss_no_armor" : "Hector",
	"wolfhud_enemy_crew" : "Coéquipier",
	"wolfhud_enemy_butler" : "Aldstone",
	"wolfhud_enemy_vlad" : "Vlad",
	"wolfhud_enemy_kento" : "Kento",

	"wolfhud_enemy_boom" : "Grenadier",
	"wolfhud_enemy_omnia_lpf" : "OMNIA L.P.F.",
	"wolfhud_enemy_summers" : "Captain Summers",
	"wolfhud_enemy_boom_summers" : "Major Molly",
	"wolfhud_enemy_taser_summers" : "Ingénieur Electrika",
	"wolfhud_enemy_medic_summers" : "Sergent Doc",
	"wolfhud_enemy_spring" : "Capitaine Spring",
	"wolfhud_enemy_fbi_vet" : "Vétéran",

	"wolfhud_enemy_deathvox_light" : "ZEAL Unit",
	"wolfhud_enemy_deathvox_heavy" : "Heavy ZEAL",

	"wolfhud_multiselect_all" : "Tout",
	"wolfhud_multiselect_none" : "Aucun",
	"wolfhud_multiselect_disabled" : "Désactivé",
	"wolfhud_multiselect_random" : "Aléatoire",
	"wolfhud_multiselect_left" : "Gauche",
	"wolfhud_multiselect_center" : "Centre",
	"wolfhud_multiselect_right" : "Droite",

	"wolfhud_colors_white"  : "Blanc",
	"wolfhud_colors_light_yellow"  : "Jaune clair",
	"wolfhud_colors_light_orange"  : "Orange clair",
	"wolfhud_colors_light_red"  : "Rouge clair",
	"wolfhud_colors_light_purple"  : "Violet clair",
	"wolfhud_colors_light_green"  : "Vert clair",
	"wolfhud_colors_light_blue"  : "Bleu clair",
	"wolfhud_colors_light_gray" : "Gris clair",
	"wolfhud_colors_yellow"  : "Jaune",
	"wolfhud_colors_orange"  : "Orange",
	"wolfhud_colors_red" : "Rouge",
	"wolfhud_colors_purple" : "Violet",
	"wolfhud_colors_green" : "Vert",
	"wolfhud_colors_blue" : "Bleu",
	"wolfhud_colors_gray" : "Gris",
	"wolfhud_colors_black" : "Noir",
	"wolfhud_colors_rainbow" : "Multicolore",

	"wolfhud_options_name" : "Paramètres : WolfHUD",
	"wolfhud_options_help" : "Personnalisez le WolfHUD selon vos goûts.",

	"wolfhud_language_title" : "Langue",
	"wolfhud_language_desc" : "Sélectionnez une langue pour le WolfHUD.\n(Changez de map pour que les changements s'effectuent...)",

	"wolfhud_languages_english" : "English",
	"wolfhud_languages_german" : "German",
	"wolfhud_languages_dutch" : "Dutch",
	"wolfhud_languages_french" : "French",
	"wolfhud_languages_italian" : "Italian",
	"wolfhud_languages_spanish" : "Spanish",
	"wolfhud_languages_portuguese" : "Portugese",
	"wolfhud_languages_russian" : "Russian",
	"wolfhud_languages_chinese" : "Chinese",
	"wolfhud_languages_korean" : "Korean",

	"wolfhud_skip_blackscreen_title" : "Passer l'écran de chargement",
	"wolfhud_skip_blackscreen_desc" : "Passe automatiquement l'écran de chargement en début de mission.\n(Uniquement pour l'hôte)",
	"wolfhud_instant_restart_title" : "Redémarrage instantané",
	"wolfhud_instant_restart_desc" : "Supprime les 5 secondes d'attente avant le redémarrage d'une mission pour les parties en ligne..\n(Uniquement pour l'hôte)",
	"wolfhud_stat_screen_speedup_title" : "Statistiques accélérées",
	"wolfhud_stat_screen_speedup_desc" : "Accélère le décompte des points d'expérience sans avoir à maintenir le touche ESPACE.",
	"wolfhud_stat_screen_delay_title" : "Attente avant statistiques",
	"wolfhud_stat_screen_delay_desc" : "Attends X secondes avant que les points d'expérience ne soient décomptés.\n(Uniquement pour l'hôte, 0 = désactivé) ",
	"wolfhud_loot_screen_pick_card_title" : "Choix automatique de carte",
	"wolfhud_loot_screen_pick_card_desc" : "Choisis une carte automatiquement quand l'écran de jour de paie apparaît.",
	"wolfhud_loot_screen_pick_specific_card_title" : "Quelle carte?",
	"wolfhud_loot_screen_pick_specific_card_desc" : "Précise quelle carte doit être choisie.",
	"wolfhud_loot_screen_delay_title" : "Attente avant le choix d'une carte",
	"wolfhud_loot_screen_delay_desc" : "Attends X secondes avant que vous ayez votre récompense.\n(Uniquement pour l'hôte, 0 = désactivé)",
	"wolfhud_replace_weapon_names_title" : "Utiliser Real Weapon Names",
	"wolfhud_replace_weapon_names_desc" : "Remplace le nom des armes par leur équivalent dans la réalité.\n(Changez de map pour que les changements s'effectuent...)",
	"wolfhud_inventory_tab_names_title" : "Utiliser Inventory Tab Names",
	"wolfhud_inventory_tab_names_desc" : "Personnalisez vos onglets d'inventaire.\n(Changer les noms en modfiant le fichier '/mods/saves/WolfHUD_InventoryNames.txt')",
	"wolfhud_inventory_names_title" : "Noms d'emplacement",
	"wolfhud_inventory_names_desc" : "Affiche le nom des armes, de l'armure, de l'équipement ... équipés dans l'emplacement d'inventaire.",
	"wolfhud_skill_names_title" : "Afficher le nom des compétences",
	"wolfhud_skill_names_desc" : "Toujours afficher le nom des compétences dans l'arborescence des compétences.",
	"wolfhud_show_contractor_job_heat_title":"Show Contractor Heat",
	"wolfhud_show_contractor_job_heat_desc":"Shows job heat in the contract broker list.",
	"wolfhud_show_mini_icons_title" : "Toujours afficher les petites icônes",
	"wolfhud_show_mini_icons_desc" : "Affiche les petites icônes de modifications d'armes sur toutes les armes, et non uniquement sur celles sélectionnées.",
	"wolfhud_no_slowmotion_title" : "Désactiver le Slow Motion",
	"wolfhud_no_slowmotion_desc" : "Désactive le ralenti qui survient lorsque vous mettez votre masque ou lorsque vous tombez à terre.",
	"wolfhud_reset_options_title" : "Réinitaliser les paramètres",
	"wolfhud_reset_options_desc" : "Réintialise tous le sparamètres à leur valeur par défaut.",
	"wolfhud_reset_options_confirm" : "Êtes-vous sûrde vouloir réinitialiser tous vos paramètres à leur valeur par défaut?",

	"wolfhud_panels_options_name" : "Paramètres du HUD",
	"wolfhud_panels_options_help" : "Paramètres pour les composants du HUD, comme la détection, l'indicateur de dégâts, DrivingHUD, CustomHUD etc...",

	"wolfhud_use_customhud_title" : "Utiliser CustomHUD",
	"wolfhud_use_customhud_desc" : "Remplace le HUD par défaut par le HUD amélioré customHUD, réalisé par Se7en.\n(Changez de map pour que les changements s'effectuent...)",
	"wolfhud_adv_assault_title" : "Bannière d'assaut améliorée",
	"wolfhud_adv_assault_desc" : "Affiche la phase de l'assaut ainsi que le temps et les ennemis restants durant l'assaut.\n(Uniquement pour l'hôte)",
	"wolfhud_assault_position_title": "Position bannière",
	"wolfhud_assault_position_desc" : "Position de la bannière sur un axe horizontal.",
	"wolfhud_pacified_civs_title" : "Afficher les civils maîtrisés",
	"wolfhud_pacified_civs_desc" : "Change le curseur des civils qui ne sont pas attachés jusqu'à ce qu'ils maîtrisés.",
	"wolfhud_use_realammo_title" : "Utiliser Real Ammo",
	"wolfhud_use_realammo_desc" : "Afficher les munitions restantes, sans compter celles qui se trouvent dans votre chargeur.",
	"wolfhud_enable_burstmode_title" : "Activer le tir en rafale",
	"wolfhud_enable_burstmode_desc" : "Permet d'activer le tir en rafale pour vos armes.",

	"wolfhud_playerpanel_options_name" : "Interface joueur",
	"wolfhud_playerpanel_options_help" : "Paramètres pour votre interface du HUD.",

	"wolfhud_teampanels_options_name" : "Interface coéquipiers",
	"wolfhud_teampanels_options_help" : "Paramètres pour l'interface des coéquipiers du HUD.",

	"wolfhud_panels_position_title" : "Position",
	"wolfhud_panels_position_desc" : "Position de l'interface sur l'axe horizontal.",
	"wolfhud_panels_scale_title" : "Échelle",
	"wolfhud_panels_scale_desc" : "Échelle de taille pour l'interface.",
	"wolfhud_panels_oppacity_title" : "Opacité",
	"wolfhud_panels_oppacity_desc" : "Opcaité pour l'interface.",
	"wolfhud_panels_show_name_title" : "Affiche les noms",
	"wolfhud_panels_show_name_desc" : "Afficher le nom des autres joueurs.",
	"wolfhud_panels_show_rank_title" : "Afficher le niveau",
	"wolfhud_panels_rank_name_desc" : "Affiche le niveau des autres joueurs.",
	"wolfhud_panels_truncate_tags_title" : "Supprimer les acronymes d'équipe",
	"wolfhud_panels_truncate_tags_desc" : "Essaye de retirer du nom des joueurs les éventuels acronymes d'équipe.",
	"wolfhud_panels_show_char_title" : "Afficher le personnage",
	"wolfhud_panels_show_char_desc" : "Affiche les personnages incarnées des autres joueurs.",
	"wolfhud_panels_show_ping_title" : "Afficher le ping",
	"wolfhud_panels_show_ping_desc" : "Affiche le ping des autres joueurs.\n(Le ping est le temps en ms que met un ordinteur à envoyer et à recevoir d'un serveur. Plus il est élevé, plus le joueur lag)",
	"wolfhud_panels_show_status_title" : "Afficher infos coéquipiers",
	"wolfhud_panels_show_status_desc" : "Affiche des informations sur l'état des autres joueurs, telles que la santé, l'amure etc...",
	"wolfhud_panels_condition_icon_color_title" : "État coéquipiers",
	"wolfhud_panels_condition_icon_color_desc" : "Détermine la couleur de l'icône d'état des autres joueurs (mis à terre, en garde à vue, en chant de cygne, etc...)",
	"wolfhud_panels_show_equip_title" : "Afficher l'équipement",
	"wolfhud_panels_show_equip_desc" : "Affiche l'équipement des autres joueurs.",
	"wolfhud_panels_show_special_equip_title" : "Afficher les équipements sépciaux",
	"wolfhud_panels_show_special_equip_desc" : "Affiche les équipements spéciaux du joueur (scie, planches, pied-de-biche etc...)",
	"wolfhud_panels_special_equip_rows_title" : "Nombre d'équipements affichés",
	"wolfhud_panels_special_equip_rows_desc" : "Détermine le nombre d'équipements spéciaux pouvant être affichés dans une seule colonne.",
	"wolfhud_panels_show_callsign_title" : "Afficher une puce",
	"wolfhud_panels_show_callsign_desc" : "Affiche une puce à côté de ce joueur.",
	"wolfhud_panels_show_stamina_title" : "Afficher l'endurance",
	"wolfhud_panels_show_stamina_desc" : "Affiche l'endurance sous la forme d'un cercle à l'intérieur de celui indiquant la santé.",
	"wolfhud_panels_show_downcounter_title" : "Afficher le compteur de mise à terre",
	"wolfhud_panels_show_downcounter_desc" : "Affiche un compteur de mise à terre pour chaque joueur non bot. \nLe compteur montre les mises à terre restantes pour vous, et le nombre de fois où le joueur est tombé par terre pour les autres.",
	"wolfhud_panels_show_carry_title" : "Afficher les butins",
	"wolfhud_panels_show_carry_desc" : "Affiche des informations sur les butins que vous transportez.",
	"wolfhud_panels_build_show_title" : "Afficher les builds",
	"wolfhud_panels_build_show_desc" : "Affiche le build des joueurs rejoignant votre partie.",
	"wolfhud_panels_build_time_title" : "Durée d'affichage des builds",
	"wolfhud_panels_build_time_desc" : "Affiche le builds des joueurs rejoignant votre partie pendant X secondes.\n(0 = Toujours)",
	"wolfhud_panels_weapon_icon_title" : "Image",
	"wolfhud_panels_weapon_icon_desc" : "Pour lesquelles de vos armes voulez-vous qu'une image soit affichée?",
	"wolfhud_panels_weapon_name_title" : "Nom",
	"wolfhud_panels_weapon_name_desc" : "Pour lesquelles de vos armes voulez-vous que leur nom soit affiché?",
	"wolfhud_panels_weapon_ammo_title" : "Munitions",
	"wolfhud_panels_weapon_ammo_desc" : "Pour lesquelles de vos armes voulez-vous que les munitions soient affichées?",
	"wolfhud_panels_weapon_firemode_title" : "Mode de tir",
	"wolfhud_panels_weapon_firemode_desc" : "Pour lesquelles de vos armes voulez-vous que le mode de tir soit affiché?",
	"wolfhud_panels_hide" : "Cacher",
	"wolfhud_panels_selected" : "Arme active",
	"wolfhud_panels_unselected" : "Arme passive",
	"wolfhud_panels_both" : "Les deux",
	"wolfhud_panels_ammo_total" : "Total de munitions",
	"wolfhud_panels_show_interaction_title" : "Afficher les interactions",
	"wolfhud_panels_show_interaction_desc" : "Affiche les actions en cours.",
	"wolfhud_panels_show_interaction_number_title" : "Chronomètre du temps d'interaction",
	"wolfhud_panels_show_interaction_number_desc" : "Indique de manière numérique le temps restant pour une interaction en cours.",
	"wolfhud_panels_show_interaction_text_title" : "Description d'interaction",
	"wolfhud_panels_show_interaction_text_desc" : "Affiche un texte décrivant l'interaction en cours.",
	"wolfhud_panels_interaction_time_title" : "Durée d'interaction minimale",
	"wolfhud_panels_interaction_time_desc" : "N'affiche les actions de vos coéquipiers que si elles durent plus longtemps que X secondes.",
	"wolfhud_panels_use_ai_color_title" : "Couleur pour les bots",
	"wolfhud_panels_use_ai_color_desc" : "Utilise une couleur personnalisée pour le nom des bots. (Affecte aussi le pop-up de dégâts)",
	"wolfhud_panels_ai_color_title" : "Couleur des bots",
	"wolfhud_panels_ai_color_desc" : "Définissez une couleur personnalisée à utiliser pour le nom des bots. (Affecte aussi le pop-up de dégâts)",

	"wolfhud_chat_options_name" : "Options du chat",
	"wolfhud_chat_options_help" : "Paramètres pour modifier le comportement du chat.",

	"wolfhud_chat_waittime_title" : "Disparition",
	"wolfhud_chat_waittime_desc" : "Temps avant que le chat ne commence à disparaître.\n(0 = Jamais)",
	"wolfhud_chat_fontsize_title" : "Taille de la police",
	"wolfhud_chat_fontsize_desc" : "Taille de police à utiliser pour le chat en jeu.",
	"wolfhud_chat_outputlines_title" : "Nombre max de lignes affichées",
	"wolfhud_chat_outputlines_desc" : "Nombre maximal de lignes à afficher avant d'activer la barre de défilement.",
	"wolfhud_spam_filter_title" : "Filtre spam",
	"wolfhud_spam_filter_desc" : "Supprime les messages de spam du PocoHUD et de [NGBTO] du chat.",
	"wolfhud_chat_width_title" : "Largeur du chat",
	"wolfhud_chat_width_desc" : "Largeur de la fenêtre du chat.",
	"wolfhud_chat_inputlines_title" : "Nombre max de lignes pour un message",
	"wolfhud_chat_inputlines_desc" : "Nombre maximal de lignes disponibles pour écrire un message.",
	"wolfhud_chat_colored_bg_title" : "Fond coloré",
	"wolfhud_chat_colored_bg_desc" : "Change la couleur de la ligne d'un message en fonction de son auteur.",
	"wolfhud_chat_scrollbar_align_title" : "Barre de défilement",
	"wolfhud_chat_scrollbar_align_desc" : "Alignment vertical de la barre de défilement.",

	"wolfhud_suspicion_options_name" : "Paramètres de détection",
	"wolfhud_suspicion_options_help" : "Paramètres pour l'interface de détection.",

	"wolfhud_suspicion_scale_title" : "Échelle",
	"wolfhud_suspicion_scale_desc" : "Échelle pour l'interface de détection.",
	"wolfhud_susp_eye_title" : "Afficher la détection",
	"wolfhud_susp_eye_desc" : "Affiche le cercle de détection.",
	"wolfhud_susp_numberic_title" : "Afficher un pourcentage",
	"wolfhud_susp_numberic_desc" : "Affiche une valeur numérique de pourcentage du niveau de détection.",
	"wolfhud_susp_numberic_outline_title" : "Contour noir",
	"wolfhud_susp_numberic_outline_desc" : "Affiche un contour noir autour du texte du pourcentage.",

	"wolfhud_killcounter_options_name" : "Paramètres du compteur de victimes",
	"wolfhud_killcounter_options_help" : "Paramètres pour changer l'apparence du compteur de victimes.",

	"wolfhud_killcounter_player_show_killcount_title" : "Afficher les victimes du joueur",
	"wolfhud_killcounter_player_show_killcount_desc" : "Affiche votre décompte de victime sur votre HUD.",
	"wolfhud_killcounter_player_color_title" : "Couleur du compteur",
	"wolfhud_killcounter_player_color_desc" : "Choisissez une couleur pour votre compteur.",
	"wolfhud_killcounter_player_show_special_title" : "Compteur d'ennemis spéciaux tués",
	"wolfhud_killcounter_player_show_special_desc" : "Affiche le nombre d'ennemis spéciaux que vous avez tués.",
	"wolfhud_killcounter_player_show_head_title" : "Compteur de victime par headshot",
	"wolfhud_killcounter_player_show_head_desc" : "Affiche le nombre de victime que vous avez tuées par headshot entre parenthèses.",
	"wolfhud_killcounter_player_show_accuracy_title" : "Afficher la précision du joueur",
	"wolfhud_killcounter_player_show_accuracy_desc" : "Affiche votre précision actuelle en cours de jeu.",
	"wolfhud_killcounter_team_show_killcount_title" : "Afficher victimes coéquipiers",
	"wolfhud_killcounter_team_show_killcount_desc" : "Affiche un compteur de victime similaire au vôtre pour vos coéquipiers dans votre interface.",
	"wolfhud_killcounter_team_color_title" : "Victimes coéquipiers",
	"wolfhud_killcounter_team_color_desc" : "Choisissez une couleur pour le compteur de victimes de vos coéquipiers.",
	"wolfhud_killcounter_team_show_special_title" : "Ennemis spéciaux coéquipiers",
	"wolfhud_killcounter_team_show_special_desc" : "Affiche le nombre d'ennemis spéciaux tués par vos coéquipiers.",
	"wolfhud_killcounter_team_show_head_title" : "Headshot coéquipiers",
	"wolfhud_killcounter_team_show_head_desc" : "Affiche le nombre de victime par headshot de vos coéquipiers entre parenthèses.",
	"wolfhud_killcounter_team_show_ai_title" : "Compteur bots",
	"wolfhud_killcounter_team_show_ai_desc" : "Afficher un compteur de victime pour les bots.",
	"wolfhud_corpse_limit_title" : "Limites de cadavres",
	"wolfhud_corpse_limit_desc" : "Combien de cadavres doit-il rester en même temps?\n(Changez de map pour que les changements s'effectuent...)",

	"wolfhud_drivinghud_options_name" : "Paramètres du DrivingHUD",
	"wolfhud_drivinghud_options_help" : "Paramètres du HUD de conduite.",

	"wolfhud_show_drivinghud_title" : "Afficher le DrivingHUD",
	"wolfhud_show_drivinghud_desc" : "Affiche un petit HUD en bas à droite lorsque vous conduisez.\n(Changez de map pour que les changements s'effectuent...)",
	"wolfhud_drivinghud_scale_title" : "Échelle",
	"wolfhud_drivinghud_scale_desc" : "Échelle de taille pour le DrivingHUD.",
	"wolfhud_drivinghud_show_vehicle_title" : "Afficher une image",
	"wolfhud_drivinghud_show_vehicle_desc" : "Affiche une petite image du véhicule du véhicule ainsi que les masques des joueurs présents à l'intérieur.",
	"wolfhud_drivinghud_show_health_title" : "Afficher la vie du véhicule",
	"wolfhud_drivinghud_show_health_desc" : "Affiche la barre de vie du véhicule.",
	"wolfhud_drivinghud_show_loot_title" : "Afficher le butin",
	"wolfhud_drivinghud_show_loot_desc" : "Display the vehicles currently loaded and maximum loot numbers.",
	"wolfhud_drivinghud_show_passengers_title" : "Afficher les passagers",
	"wolfhud_drivinghud_show_passengers_desc" : "Affiche le nombre de passagers dans le véhicules, ainsi que le nombre de places assises.",
	"wolfhud_drivinghud_show_gear_title" : "Afficher le rapport moteur",
	"wolfhud_drivinghud_show_gear_desc" : "Afficher le rapport moteur lorsque vous conduisez.",
	"wolfhud_drivinghud_show_speed_title" : "Afficher la vitesse",
	"wolfhud_drivinghud_show_speed_desc" : "Affiche la vitesse actuelle du véhicule.",
	"wolfhud_drivinghud_speed_in_mph_title" : "Vitesse en miles par heure",
	"wolfhud_drivinghud_speed_in_mph_desc" : "Affiche la vitesse en miles par heure.\n(Sinon décochée, la vitesse sera affichée en kilmoètres par heure.)",
	"wolfhud_drivinghud_show_rpm_title" : "Afficher le nombre de tours par minute",
	"wolfhud_drivinghud_show_rpm_desc" : "Affiche le nombre de tours par minute du véhicule.",

	"wolfhud_infopanels_options_name" : "Paramètres de l'interface joueur",
	"wolfhud_infopanels_options_help" : "Paramètres des boîtes d'information de l'interface joueur.",

	"wolfhud_use_hudlist_title" : "Utiliser HUDList",
	"wolfhud_use_hudlist_desc" : "HUDLista affiche des informations utiles, telles que le temps de percage restant, le nombre d'ennemis et de butin, ainsi que les équipements placés sur la map etc... (Changez de map pour que les changements s'effectuent...)",
	"wolfhud_hudlist_scale_right_title" : "Échelle de la liste de droite",
	"wolfhud_hudlist_scale_right_desc" : "Définir la taille des éléments de la liste de droite.",
	"wolfhud_hudlist_scale_left_title" : "Échelle de la liste de gauche",
	"wolfhud_hudlist_scale_left_desc" : "Définir la taille des éléments de la liste de gauche.",
	"wolfhud_hudlist_scale_buff_title" : "Échelle de la liste de bonus",
	"wolfhud_hudlist_scale_buff_desc" : "Définir la taille des éléments de la liste de bonus.",
	"wolfhud_hudlist_box_color_title" : "Couleur bordures",
	"wolfhud_hudlist_box_color_desc" : "Couleur des bordures des éléments de la liste de droite et de gauche.\n(Changez de map pour que les changements s'effectuent...)",
	"wolfhud_hudlist_box_bg_color_title" : "Couleur fond",
	"wolfhud_hudlist_box_bg_color_desc" : "Couleur du fond des éléments de la liste de droite et de gauche.\n(Changez de map pour que les changements s'effectuent...)",
	"wolfhud_hudlist_civcolor_title" : "Couleur civils",
	"wolfhud_hudlist_civcolor_desc" : "Couleur de l'icône des civils et des otages.",
	"wolfhud_hudlist_thugcolor_title" : "Couleur gangsters",
	"wolfhud_hudlist_thugcolor_desc" : "Couleur de l'icône des gangsters.",
	"wolfhud_hudlist_copcolor_title" : "Couleur ennemis",
	"wolfhud_hudlist_copcolor_desc" : "Couleur de l'icône des policiers, SWAT et SWAT lourds.",
	"wolfhud_hudlist_specialcolor_title" : "Couleur unités spéciales",
	"wolfhud_hudlist_specialcolor_desc" : "Couleur de l'icône des unités spéciales telles que les tourelles.",
	"wolfhud_hudlist_progress_alpha_left_title" : "Opacité liste gauche",
	"wolfhud_hudlist_progress_alpha_left_desc" : "Définir l'opacité pour les éléments de la liste de gauche.",
	"wolfhud_hudlist_progress_alpha_right_title" : "Opacité liste droite",
	"wolfhud_hudlist_progress_alpha_right_desc" : "Définir l'opacité pour les éléments de la liste de droite.",
	"wolfhud_hudlist_progress_alpha_buff_title" : "Opacité liste bonus",
	"wolfhud_hudlist_progress_alpha_buff_desc" : "Définir l'opacité pour les éléments de la liste de bonus.",
	"wolfhud_hudlist_timers_in_seconds_title" : "Timers in seconds",
	"wolfhud_hudlist_timers_in_seconds_desc" : "Always display timers in seconds.",

	"wolfhud_infopanels_left_options_name" : "Paramètres de la liste de gauche",
	"wolfhud_infopanels_left_options_help" : "Paramètres des éléments de la liste de gauche.",

	"wolfhud_hudlist_show_timers_title" : "Afficher les chronomètres",
	"wolfhud_hudlist_show_timers_desc" : "Affiche les chronomètres indiquant le temps restant des perceuses, piratages etc...",
	"wolfhud_hudlist_show_equipment_desc" : "Afficher ou non cet équipement dans la liste, à droite de votre écran.",
	"wolfhud_hudlist_show_ammo_bags_title" : "Afficher les sacs de munitions",
	"wolfhud_hudlist_show_doc_bags_title" : "Afficher les sacs médicaux",
	"wolfhud_hudlist_show_first_aid_kits_title" : "Afficher les kits de premiers soins",
	"wolfhud_hudlist_show_body_bags_title" : "Afficher les valises de sacs mortuaires",
	"wolfhud_hudlist_show_grenade_crates_title" : "Afficher les valises de grenades",
	"wolfhud_hudlist_sentries_title" : "Afficher les tourelles",
	"wolfhud_hudlist_sentries_desc" : "Afficher la santé et les munitions des tourelles.",
	"wolfhud_hudlist_hide_empty_sentries_title" : "Cacher les tourelles inactives",
	"wolfhud_hudlist_hide_empty_sentries_desc" : "N'affiche pas les tourelles n'ayant plus de munitions.",
	"wolfhud_hudlist_show_ecms_title" : "Afficher les CME",
	"wolfhud_hudlist_show_ecms_desc" : "Affiche le temps restant d'effet des CME ",
	"wolfhud_hudlist_show_ecm_retrigger_title" : "Afficher les CME pouvant être réactivés",
	"wolfhud_hudlist_show_ecm_retrigger_desc" : "Affiche les CME ayant finit d'agir et qui peuvent être à nouveau réactivé.",
	"wolfhud_hudlist_show_minions_title" : "Afficher les convertis",
	"wolfhud_hudlist_show_minions_desc" : "Affiche la santé de tous les ennemis convertis.",
	"wolfhud_hudlist_show_own_minions_only_title" : "Afficher uniquement mes convertis",
	"wolfhud_hudlist_show_own_minions_only_desc" : "Affiche uniquement la santé de vos convertis.",
	"wolfhud_hudlist_show_pagers_title" : "Afficher les bipeurs",
	"wolfhud_hudlist_show_pagers_desc" : "Affiche le temps restant pour répondre à un bipeur, avant que l'alarme ne soit déclenchée.",
	"wolfhud_hudlist_show_tape_loop_title" : "Afficher les boucles d'enregistrement",
	"wolfhud_hudlist_show_tape_loop_desc" : "Affiche le temps restant pour les boucles d'enregistrement appliquées sur les caméras.",
	"wolfhud_hudlist_remove_answered_pagers_title" : "Supprimer contours bipeurs répondus",
	"wolfhud_hudlist_remove_answered_pagers_desc" : "Supprimer le contour d'un garde dont le bipeur a déjà été répondu.",

	"wolfhud_infopanels_right_options_name" : "Paramètres de la liste de droite",
	"wolfhud_infopanels_right_options_help" : "Paramètres des éléments de la liste de droite.",

	"wolfhud_hudlist_show_enemies_title" : "Afficher les ennemis",
	"wolfhud_hudlist_show_enemies_desc" : "Affiche le nombre d'ennemis présents sur la map.",
	"wolfhud_hudlist_aggregate_enemies_title" : "Total des ennemis",
	"wolfhud_hudlist_aggregate_enemies_desc" : "N'affiche qu'une seule boîte d'information pour tous les ennemis.",
	"wolfhud_hudlist_show_turrets_title" : "Afficher les tourelles",
	"wolfhud_hudlist_show_turrets_desc" : "Affiche le nombre de véhicules éqiupés d'une tourelle présents sur la map.",
	"wolfhud_hudlist_show_civilians_title" : "Afficher les civils",
	"wolfhud_hudlist_show_civilians_desc" : "Afficher le nombre total de civils qui n'ont pas été attachés sur la map.",
	"wolfhud_hudlist_show_hostages_title" : "Afficher les otages",
	"wolfhud_hudlist_show_hostages_desc" : "Affiche le nombre de civils pris en otages sur la map.",
	"wolfhud_hudlist_aggregate_hostages_title" : "Total des otages",
	"wolfhud_hudlist_aggregate_hostages_desc" : "N'affiche qu'une seule boîte d'information pour tous les types d'otage.",
	"wolfhud_hudlist_show_minion_count_title" : "Afficher les policiers pris en otage",
	"wolfhud_hudlist_show_minion_count_desc" : "Affiche le nombre de policiers pris en otage sur la map.",
	"wolfhud_hudlist_show_pager_count_title" : "Afficher le nombre de bipeurs utilisés",
	"wolfhud_hudlist_show_pager_count_desc" : "Affiche le nombre de bipeurs qui ont été répondu lors d'un braquage discret.",
	"wolfhud_hudlist_show_cam_count_title" : "Afficher le nombre de caméras",
	"wolfhud_hudlist_show_cam_count_desc" : "Affiche le nombre de caméras active sur le map lors d'un braquage discret.",
	"wolfhud_hudlist_show_bodybags_count_title" : "Afficher les sacs mortuaires",
	"wolfhud_hudlist_show_bodybags_count_desc" : "Affiche le nombre de sacs mortuaires que vous possédez dans votre inventaire lors d'un braquage discret.",
	"wolfhud_hudlist_show_corpse_count_title" : "Afficher les cadavres",
	"wolfhud_hudlist_show_corpse_count_desc" : "Affiche le nombre de cadavres ainsi que ceux qui ont été mis dans des sacs mortuaires lors d'un braquage discret.",
	"wolfhud_hudlist_show_loot_title" : "Afficher le butin",
	"wolfhud_hudlist_show_loot_desc" : "Affiche le nombre de butin pouvant être récupérés sur la map.",
	"wolfhud_hudlist_aggregate_loot_title" : "Total des butins",
	"wolfhud_hudlist_aggregate_loot_desc" : "N'afficher qu'une seule boîte d'information pour tous les types de butin.",
	"wolfhud_hudlist_separate_bagged_loot_title" : "Séparer les butins",
	"wolfhud_hudlist_separate_bagged_loot_desc" : "Affiche les butins mis dans des sacs et les autres séparement.",
	"wolfhud_hudlist_show_potential_loot_title" : "Affiche les butins potentiels",
	"wolfhud_hudlist_show_potential_loot_desc" : "Affiche le nombre de conteneurs qui peuvent posséder du butin. \n(Attention, ces conteneurs peuvent très bien être vides...)",
	"wolfhud_hudlist_show_special_pickups_title" : "Afficher les équipements spéciaux",
	"wolfhud_hudlist_show_special_pickups_desc" : "Affiche le nombre d'équipements spéciaux pouvant être récupérés tels que les ingrédients chimiques, les cartes d'accès etc... présents sur la map.",
	"wolfhud_hudlist_show_mission_pickups_title" : "Afficher les équipements de missions",
	"wolfhud_hudlist_show_mission_pickups_desc" : "Affiche le nombre d'ingrédients chimiques, de cartes d'accès, de planches et autres nécessaires à la mission sur la map.",
	"wolfhud_hudlist_show_collectables_pickups_title" : "Afficher les équipements optionnels",
	"wolfhud_hudlist_show_collectables_pickups_desc" : "Affiche le nombre de colis Gage, de valises et de clefs sur la map.",
	"wolfhud_hudlist_show_valuables_pickups_title" : "Afficher les butins légers",
	"wolfhud_hudlist_show_valuables_pickups_desc" : "Afficher le nombre de butins légers, tels que les liasses de billets ou les colliers sur la map.",

	"wolfhud_infopanels_buff_options_name" : "Paramètres de la liste de bonus",
	"wolfhud_infopanels_buff_options_help" : "Paramètres des éléments de la liste de bonus.",

	"wolfhud_infopanels_buff_mastermind_options_name" : "Compétences Cerveau",
	"wolfhud_infopanels_buff_mastermind_options_help" : "Affiche ou cache les icônes correspondant aux compétences de l'arbre \"Cerveau\".",
	"wolfhud_infopanels_buff_enforcer_options_name" : "Compétences Exécuteur",
	"wolfhud_infopanels_buff_enforcer_options_help" : "Affiche ou cache les icônes correspondant aux compétences de l'arbre \"Exécuteur\".",
	"wolfhud_infopanels_buff_technician_options_name" : "Compétences Technicien",
	"wolfhud_infopanels_buff_technician_options_help" : "Affiche ou cache les icônes correspondant aux compétences de l'arbre \"Technicien\".",
	"wolfhud_infopanels_buff_ghost_options_name" : "Compétences Fantôme",
	"wolfhud_infopanels_buff_ghost_options_help" : "Affiche ou cache les icônes correspondant aux compétences de l'arbre \"Fantôme\".",
	"wolfhud_infopanels_buff_fugitive_options_name" : "Compétences Fugitif",
	"wolfhud_infopanels_buff_fugitive_options_help" : "Affiche ou cache les icônes correspondant aux compétences de l'arbre \"Fugitif\".",
	"wolfhud_infopanels_buff_perkdecks_options_name" : "Pioche d'atout",
	"wolfhud_infopanels_buff_perkdecks_options_help" : "Affiche ou cache les icônes relatives à la pioche d'atout équipée.",
	"wolfhud_infopanels_buff_gageboosts_options_name" : "Boosts Gage",
	"wolfhud_infopanels_buff_gageboosts_options_help" : "Affiche ou cache les icônes relatives aux boosts Gage.",
	"wolfhud_infopanels_buff_henchmen_options_name" : "Boosts des IA",
	"wolfhud_infopanels_buff_henchmen_options_help" : "Affiche ou cache les icônes relatives aux boosts donnés aux coéquipiers IA.",

	"wolfhud_hudlist_show_buffs_title" : "Afficher les bonus",
	"wolfhud_hudlist_show_buffs_desc" : "Affiche les bonus actifs en bas au centre de votre écran.",
	"wolfhud_hudlist_damage_increase_compbuff_title" : "Augmentation de dégâts",
	"wolfhud_hudlist_damage_increase_compbuff_desc" : "Affiche une icône indiquant le pourcentage de dégâts ajouté à vos dégâts actuels.",
	"wolfhud_hudlist_damage_reduction_compbuff_title" : "Réduction de dégâts",
	"wolfhud_hudlist_damage_reduction_compbuff_desc" : "Affiche une icône indiquant le pourcentage de réduction de dégâts actuel.",
	"wolfhud_hudlist_melee_damage_increase_compbuff_title" : "Augmentation de dégâts à la mêlée",
	"wolfhud_hudlist_melee_damage_increase_compbuff_desc" : "Affiche une icône indiquant le bonus de dégâts au corps à corps actuel.",
	"wolfhud_hudlist_passive_health_regen_compbuff_title" : "Récupération de vie",
	"wolfhud_hudlist_passive_health_regen_compbuff_desc" : "Affiche une icône indiquant les effets de la récupération de vie.",
	"wolfhud_hudlist_total_dodge_chance_compbuff_title" : "Esquive",
	"wolfhud_hudlist_total_dodge_chance_compbuff_desc" : "Affiche une icône indiquant le pourcentage d'esquive actuelf.",
	"wolfhud_hudlist_aggressive_reload_aced_buff_title" : "Rechargement hâtif",
	"wolfhud_hudlist_aggressive_reload_aced_buff_desc" : "",
	"wolfhud_hudlist_ammo_efficiency_buff_title" : "Munitions rentables",
	"wolfhud_hudlist_ammo_efficiency_buff_desc" : "",
	"wolfhud_hudlist_armor_break_invulnerable_buff_title" : "Blitzkrieg Bop (Anarchiste)",
	"wolfhud_hudlist_armor_break_invulnerable_buff_desc" : "",
	"wolfhud_hudlist_berserker_buff_title" : "Berserk",
	"wolfhud_hudlist_berserker_buff_desc" : "",
	"wolfhud_hudlist_biker_buff_title" : "Regen Debuff (Biker)",
	"wolfhud_hudlist_biker_buff_desc" : "",
	"wolfhud_hudlist_bloodthirst_basic_buff_title" : "Soif de sang (Basique)",
	"wolfhud_hudlist_bloodthirst_basic_buff_desc" : "",
	"wolfhud_hudlist_bloodthirst_aced_buff_title" : "Soif de sang (Ace)",
	"wolfhud_hudlist_bloodthirst_aced_buff_desc" : "",
	"wolfhud_hudlist_bullet_storm_buff_title" : "Pluie de balles",
	"wolfhud_hudlist_bullet_storm_buff_desc" : "",
	"wolfhud_hudlist_close_contact_buff_title" : "Combat rapproché (Infiltré)",
	"wolfhud_hudlist_close_contact_buff_desc" : "",
	"wolfhud_hudlist_combat_medic_buff_title" : "Infirmier (Actif)",
	"wolfhud_hudlist_combat_medic_buff_desc" : "",
	"wolfhud_hudlist_combat_medic_passive_buff_title" : "Infirmier (Passif)",
	"wolfhud_hudlist_combat_medic_passive_buff_desc" : "",
	"wolfhud_hudlist_desperado_buff_title" : "Desperado",
	"wolfhud_hudlist_desperado_buff_desc" : "",
	"wolfhud_hudlist_die_hard_buff_title" : "Irréductible",
	"wolfhud_hudlist_die_hard_buff_desc" : "",
	"wolfhud_hudlist_dire_need_buff_title" : "Crise de panique",
	"wolfhud_hudlist_dire_need_buff_desc" : "",
	"wolfhud_hudlist_frenzy_buff_title" : "Frénésie",
	"wolfhud_hudlist_frenzy_buff_desc" : "",
	"wolfhud_hudlist_grinder_buff_title" : "Regen de vie (Ailier)",
	"wolfhud_hudlist_grinder_buff_desc" : "",
	"wolfhud_hudlist_chico_injector_buff_title" : "Effes de l'Injecteur (Caïd)",
	"wolfhud_hudlist_chico_injector_buff_desc" : "",
	"wolfhud_hudlist_damage_control_debuff_title" : "Effets de la Flasque (Impassible)",
	"wolfhud_hudlist_damage_control_debuff_desc" : "",
	"wolfhud_hudlist_delayed_damage_buff_title" : "Dégâts ralentis (Impassible)",
	"wolfhud_hudlist_delayed_damage_buff_desc" : "",
	"wolfhud_hudlist_hostage_situation_buff_title" : "Prise d'otage (Chef d'équipe)",
	"wolfhud_hudlist_hostage_situation_buff_desc" : "",
	"wolfhud_hudlist_hostage_taker_buff_title" : "Preneur d'otage",
	"wolfhud_hudlist_hostage_taker_buff_desc" : "",
	"wolfhud_hudlist_inspire_buff_title" : "Motivation (Boost)",
	"wolfhud_hudlist_inspire_buff_desc" : "",
	"wolfhud_hudlist_lock_n_load_buff_title" : "Paré à l'action",
	"wolfhud_hudlist_lock_n_load_buff_desc" : "",
	"wolfhud_hudlist_melee_stack_damage_buff_title" : "Combat rapproché (Infilté)",
	"wolfhud_hudlist_melee_stack_damage_buff_desc" : "",
	"wolfhud_hudlist_maniac_buff_title" : "Réduction dégâts (Forcené)",
	"wolfhud_hudlist_maniac_buff_desc" : "",
	"wolfhud_hudlist_muscle_regen_buff_title" : "Regen de vie (Gorille)",
	"wolfhud_hudlist_muscle_regen_buff_desc" : "",
	"wolfhud_hudlist_messiah_buff_title" : "Messie",
	"wolfhud_hudlist_messiah_buff_desc" : "",
	"wolfhud_hudlist_overdog_buff_title" : "Overconfiant (Infiltré)",
	"wolfhud_hudlist_overdog_buff_desc" : "",
	"wolfhud_hudlist_overkill_buff_title" : "Overkill",
	"wolfhud_hudlist_overkill_buff_desc" : "",
	"wolfhud_hudlist_painkiller_buff_title" : "Anti-douleurs",
	"wolfhud_hudlist_painkiller_buff_desc" : "",
	"wolfhud_hudlist_partner_in_crime_buff_title" : "Complices",
	"wolfhud_hudlist_partner_in_crime_buff_desc" : "",
	"wolfhud_hudlist_running_from_death_buff_title" : "Course contre la mort",
	"wolfhud_hudlist_running_from_death_buff_desc" : "",
	"wolfhud_hudlist_pocket_ecm_jammer_buff_title" : "Pocket ECM Duration (Hacker)",
	"wolfhud_hudlist_pocket_ecm_jammer_buff_desc" : "",
	"wolfhud_hudlist_pocket_ecm_kill_dodge_buff_title" : "Pocket ECM Dodge (Hacker)",
	"wolfhud_hudlist_pocket_ecm_kill_dodge_buff_desc" : "Part of Composite Buffs.",
	"wolfhud_hudlist_quick_fix_buff_title" : "Répa'Express",
	"wolfhud_hudlist_quick_fix_buff_desc" : "",
	"wolfhud_hudlist_second_wind_buff_title" : "Second souffle",
	"wolfhud_hudlist_second_wind_buff_desc" : "",
	"wolfhud_hudlist_sixth_sense_buff_title" : "Sixième sens",
	"wolfhud_hudlist_sixth_sense_buff_desc" : "",
	"wolfhud_hudlist_sicario_dodge_buff_title" : "Esquive bonus (Sicario)",
	"wolfhud_hudlist_sicario_dodge_buff_desc" : "",
	"wolfhud_hudlist_smoke_screen_buff_title" : "Fumigène (Sicario)",
	"wolfhud_hudlist_smoke_screen_buff_desc" : "",
	"wolfhud_hudlist_swan_song_buff_title" : "Chant de cygne",
	"wolfhud_hudlist_swan_song_buff_desc" : "",
	"wolfhud_hudlist_tooth_and_claw_buff_title" : "Bec et ongles (Tueur à gages)",
	"wolfhud_hudlist_tooth_and_claw_buff_desc" : "",
	"wolfhud_hudlist_trigger_happy_buff_title" : "Détente facile",
	"wolfhud_hudlist_trigger_happy_buff_desc" : "",
	"wolfhud_hudlist_underdog_buff_title" : "Opprimé",
	"wolfhud_hudlist_underdog_buff_desc" : "",
	"wolfhud_hudlist_unseen_strike_buff_title" : "Frappe invisible",
	"wolfhud_hudlist_unseen_strike_buff_desc" : "",
	"wolfhud_hudlist_up_you_go_buff_title" : "Debout là-dedans",
	"wolfhud_hudlist_up_you_go_buff_desc" : "",
	"wolfhud_hudlist_uppers_buff_title" : "Remontants",
	"wolfhud_hudlist_uppers_buff_desc" : "",
	"wolfhud_hudlist_yakuza_buff_title" : "Vitesse Regen Armure (Yakuza)",
	"wolfhud_hudlist_yakuza_buff_desc" : "",
	"wolfhud_hudlist_anarchist_armor_recovery_debuff_title" : "Survivant (Anarchiste)",
	"wolfhud_hudlist_anarchist_armor_recovery_debuff_desc" : "",
	"wolfhud_hudlist_ammo_give_out_debuff_title" : "Distribution de munitions (Flambeur)",
	"wolfhud_hudlist_ammo_give_out_debuff_desc" : "",
	"wolfhud_hudlist_bullseye_debuff_title" : "Dans l'mille",
	"wolfhud_hudlist_bullseye_debuff_desc" : "",
	"wolfhud_hudlist_inspire_debuff_title" : "Boost Motivation",
	"wolfhud_hudlist_inspire_debuff_desc" : "",
	"wolfhud_hudlist_inspire_revive_debuff_title" : "Boost réanimation",
	"wolfhud_hudlist_inspire_revive_debuff_desc" : "",
	"wolfhud_hudlist_life_drain_debuff_title" : "Vampirisme (Infiltré)",
	"wolfhud_hudlist_life_drain_debuff_desc" : "",
	"wolfhud_hudlist_medical_supplies_debuff_title" : "Matériel médical (Flambeur)",
	"wolfhud_hudlist_medical_supplies_debuff_desc" : "",
	"wolfhud_hudlist_sociopath_debuff_title" : "Bonus de regen (Sociopathe)",
	"wolfhud_hudlist_sociopath_debuff_desc" : "",
	"wolfhud_hudlist_armorer_teambuff_title" : "Bonus d'armure (Armurier)",
	"wolfhud_hudlist_armorer_teambuff_desc" : "",
	"wolfhud_hudlist_bulletproof_teambuff_title" : "Intouchable",
	"wolfhud_hudlist_bulletproof_teambuff_desc" : "",
	"wolfhud_hudlist_crew_chief_teambuff_title" : "Bonus Stats (Chef d'équipe)",
	"wolfhud_hudlist_crew_chief_teambuff_desc" : "",
	"wolfhud_hudlist_forced_friendship_teambuff_title" : "Manipulateur",
	"wolfhud_hudlist_forced_friendship_teambuff_desc" : "",
	"wolfhud_hudlist_life_steal_gage_debuff_title" : "Vampirisme",
	"wolfhud_hudlist_life_steal_gage_debuff_desc" : "",
	"wolfhud_hudlist_invulnerable_gage_buff_title" : "Invulnérabilité",
	"wolfhud_hudlist_invulnerable_gage_buff_desc" : "",
	"wolfhud_hudlist_crew_inspire_debuff_title" : "Motivation",
	"wolfhud_hudlist_crew_inspire_debuff_desc" : "",
	"wolfhud_hudlist_crew_throwable_regen_buff_title" : "Accumulation",
	"wolfhud_hudlist_crew_throwable_regen_buff_desc" : "",
	"wolfhud_hudlist_crew_health_regen_buff_title" : "Soins",
	"wolfhud_hudlist_crew_health_regen_buff_desc" : "",

	"wolfhud_waypoints_options_name" : "Paramètres des marqueurs personnalisés",
	"wolfhud_waypoints_options_help" : "Paramètres pour modifier les marqueurs de missions.",

	"wolfhud_waypoints_color_title" : "Couleur",
	"wolfhud_waypoints_color_desc" : "La couleur des marqueurs de mission.",
	"wolfhud_waypoints_show_ammo_bag_title" : "Afficher les sacs de munitions",
	"wolfhud_waypoints_show_ammo_bag_desc" : "Affiche un marqueur pour les sacs de munitions, en indiquant le pourcentage de munitions restant.",
	"wolfhud_waypoints_show_doc_bag_title" : "Afficher les sacs médicaux",
	"wolfhud_waypoints_show_doc_bag_desc" : "Affiche un marqueur pour les sacs médicaux, en indiquant le nombre de charges restantes.",
	"wolfhud_waypoints_show_first_aid_kit_title" : "Afficher les kits de premiers soins",
	"wolfhud_waypoints_show_first_aid_kit_desc" : "Affiche un marqueur pour les kits de premiers soins.",
	"wolfhud_waypoints_show_body_bag_title" : "Afficher les valises de sacs mortuaires",
	"wolfhud_waypoints_show_body_bag_desc" : "Affiche un marqueur pour les valises de sacs mortuaires, en indiquant le nombre de sacs restants.",
	"wolfhud_waypoints_show_grenade_crate_title" : "Afficher les valises de grandes",
	"wolfhud_waypoints_show_grenade_crate_desc" : "Affiche un marqueur pour les valises de grenades, en indiquant le nombre de grenades restantes. ",
	"wolfhud_waypoints_show_sentries_title" : "Afficher les tourelles",
	"wolfhud_waypoints_show_sentries_desc" : "Affiche un marqueur pour les tourelles, en indiquant leurs munitions restantes.",
	"wolfhud_waypoints_show_ecms_title" : "Afficher les CME",
	"wolfhud_waypoints_show_ecms_desc" : "Affiche un marqueur pour les CME, en indiquant la durée de leurs effets restante.",
	"wolfhud_waypoints_show_timers_title" : "Afficher les chronomètres",
	"wolfhud_waypoints_show_timers_desc" : "Affiche un marqueur pour les chronomètres des perceuses, piratages..., en indiquant le temps restant et leurs améliorations.",
	"wolfhud_waypoints_show_loot_title" : "Afficher le butin",
	"wolfhud_waypoints_show_loot_desc" : "Affiche le nom du butin au dessu de celui-ci lorsque vous le regardez.",
	"wolfhud_waypoints_loot_icon_title" : "Afficher les sacs",
	"wolfhud_waypoints_loot_icon_desc" : "Affiche une icône de sac pour les butins emballés.",
	"wolfhud_waypoints_loot_offset_title" : "Taille du texte : butins",
	"wolfhud_waypoints_loot_offset_desc" : "Indique la taille du texte affiché sur les butins.",
	"wolfhud_waypoints_loot_bagged_offset_title" : "Taille du texte : sacs de butin",
	"wolfhud_waypoints_loot_bagged_offset_desc" : "Indique la taille du texte affiché sur les sacs de butin.",
	"wolfhud_waypoints_loot_angle_title" : "Angle",
	"wolfhud_waypoints_loot_angle_desc" : "Indique l'angle de vue à partir duquel le texte est visible.",
	"wolfhud_waypoints_show_special_equipment_title" : "Afficher les équipements spéciaux",
	"wolfhud_waypoints_show_special_equipment_desc" : "Affiche un marqueur pour les différents équipements spéciaux. Utile pour apprendre les différents endroits où ceux-ci se trouvent.",
	"wolfhud_waypoints_show_minions_title" : "Afficher les convertis",
	"wolfhud_waypoints_show_minions_desc" : "Affiche un texte au dessus de la tête des policiers convertis, de la même couleur que celle du joueur ayant effectué la conversion.\nAffiche également le nombre de victime qu'il a faites.",
	"wolfhud_waypoints_show_pager_title" : "Afficher les bipeurs",
	"wolfhud_waypoints_show_pager_desc" : "Affiche un marqueur pour les bipeurs activés. Change de couleur lorsque quelqu'un y répond.",

	"wolfhud_tabstats_options_name" : "Paramètres du menu TAB",
	"wolfhud_tabstats_options_help" : "Paramètres pour modifier le menu lorsque vous appuyez sur TAB.",

	"wolfhud_tabstats_clock_mode_title" : "Horloge",
	"wolfhud_tabstats_clock_mode_desc" : "Choisissez un format horaire pour l'horloge. ",
	"wolfhud_tabstats_clock_mode_a" : "12 heures",
	"wolfhud_tabstats_clock_mode_b" : "24 heures",
	"wolfhud_tabstats_clock_mode_c" : "Temps de jeu",
	"wolfhud_use_tabstats_title" : "Utiliser TabStats",
	"wolfhud_use_tabstats_desc" : "Affiche vos statistiques dans le menu TAB, au lieu de les afficher à la fin de la mission.\n(Changez de map pour que les changements s'effectuent...)",
	"wolfhud_tabstats_font_size_title" : "Taille du texte",
	"wolfhud_tabstats_font_size_desc" : "Définit la taille du texte à utiliser pour la liste des statistiques avancées.",
	"wolfhud_tabstats_color_title" : "Couleur du texte",
	"wolfhud_tabstats_color_desc" : "Définit une couleur du texte à utiliser pour la liste des statistiques avancées.",
	"wolfhud_tabstats_actual_mask_title" : "Utiliser les masques personnalisés",
	"wolfhud_tabstats_actual_mask_desc" : "Affiche le masque que vous portez actuellement au lieu d'afficher celui de votre personnage.",
	"wolfhud_tabstats_numberic_loot_title" : "Numeric Loot Counter",
	"wolfhud_tabstats_numberic_loot_desc" : "Disable the bag counting minigame and display the number right away.",

	"wolfhud_crewloadout_options_name" : "Paramètres de configuration d'équipe",
	"wolfhud_crewloadout_options_help" : "Choisissez où vous voulez afficher les informations concernant l'équipement et les compétences de vos coéquipiers.",

	"wolfhud_crewloadout_lobby_title" : "Afficher en salon",
	"wolfhud_crewloadout_lobby_desc" : "Ajoute un bouton dans un salon qui permet d'afficher votre équipement ainsi que celui de vos coéquipiers.",
	"wolfhud_crewloadout_cs_lobby_title" : "Afficher en salon de série de crime",
	"wolfhud_crewloadout_cs_lobby_desc" : "Affiche un nouvel onglet \"CONFIG.ÉQUIPE\" à côté de celui des modificateurs et des récompenses dans les salons de série de crimes.",
	"wolfhud_crewloadout_briefing_title" : "Afficher en résumé",
	"wolfhud_crewloadout_briefing_desc" : "Remplace l'onglet \"CONFIG.ÉQUIPE\" par défaut en résumé de contrat par un onglet plus précis.",
	"wolfhud_crewloadout_tabscreen_title" : "Afficher dans le menu TAB",
	"wolfhud_crewloadout_tabscreen_desc" : "Affiche les coméptences, la pioche d'atous et le ping des joueurs présents dans la partie. \n(Est désactivé si vous utilisez la fonctionnalité similaire du mod LobbyPlayer)",
    "wolfhud_profilemenu_replace_title" : "Remplacer le menu des profils",
    "wolfhud_profilemenu_replace_desc" : "Remplace le sélecteur de profils par défaut par celui du WolfHUD, plus précis.",

	"wolfhud_dmgindicator_options_name" : "Indicateur de dégâts",
	"wolfhud_dmgindicator_options_help" : "Définit la durée d'affichage, la taille et la couleur de l'indicateur de dégâts.",

	"wolfhud_show_dmg_indicator_title" : "Indicateur de dégâts dynamique",
	"wolfhud_show_dmg_indicator_desc" : "Remplace les 4 indicateurs statiques par d'autres, qui bougent en fonction de votre position et de la source d'où viennent les dégâts.",
	"wolfhud_dmg_ind_time_title" : "Durée de l'indicateur",
	"wolfhud_dmg_ind_time_desc" : "Détermine le temps d'affichage de l'indicateur.",
	"wolfhud_dmg_ind_size_title" : "Taille de l'indicateur",
	"wolfhud_dmg_ind_size_desc" : "Détermine la taille du cercle sur lequel sont placés les indicateurs.",
	"wolfhud_dmg_indicator_max_count_title" : "Nombre d'indicateurs maximal",
	"wolfhud_dmg_indicator_max_count_desc" : "Détermine le nombre maximal d'indicateurs pouvant être affichés sur votre écran.",
	"wolfhud_dmg_shield_color_title" : "Armure",
	"wolfhud_dmg_shield_color_desc" : "Couleur de l'indicateur lorsque vous perdez de l'armure.",
	"wolfhud_dmg_health_color_title" : "Santé",
	"wolfhud_dmg_health_color_desc" : "Couleur de l'indicateur lorsque vous perdez de la santé.",
	"wolfhud_dmg_crit_color_title" : "Santé basse",
	"wolfhud_dmg_crit_color_desc" : "Couleur de l'indicateur lorsque votre santé est basse.",
	"wolfhud_dmg_vehicle_color_title" : "Véhicule",
	"wolfhud_dmg_vehicle_color_desc" : "Couleur de l'indicateur lorsque le véchiule dans lequel vous êtes prend des dégâts.",
	"wolfhud_dmg_friendlyfire_color_title" : "Dégâts collatéraux",
	"wolfhud_dmg_friendlyfire_color_desc" : "Couleur de l'indicateur lorsque vous prenez des dégâts à cause de feux ou d'explosifs lancés par vos coéquipiers.",

	"wolfhud_dmgpopup_options_name" : "Pop up des dégâts des ennemis",
	"wolfhud_dmgpopup_options_help" : "Une icône apparaît près de la tête des ennemis, en indiquant les dégâts qu'ils ont reçus.",

	"wolfhud_show_dmg_popup_title" : "Afficher le pop up",
	"wolfhud_show_dmg_popup_desc" : "Active l'affichage du pop up de dégâts.",
	"wolfhud_dmg_popup_player" : "Joueur",
	"wolfhud_dmg_popup_all" : "Tout le monde",
	"wolfhud_dmg_popup_scale_title" : "Taille du pop up",
	"wolfhud_dmg_popup_scale_desc" : "Change la taille du pop up de dégâts.",
	"wolfhud_dmg_popup_skull_scale_title" : "Taille de l'icône",
	"wolfhud_dmg_popup_skull_scale_desc" : "Change la taille de l'icône en forme de crâne lorsque l'ennemi est tué.",
	"wolfhud_dmg_popup_skull_align_title" : "Alignement icône",
	"wolfhud_dmg_popup_skull_align_desc" : "Change l'alignement de l'icone en forme de crâne lorsque l'ennemi est tué.",
	"wolfhud_dmg_popup_time_title" : "Temps d'affichage du pop-up",
	"wolfhud_dmg_popup_time_desc" : "Détermine le temps durant lequel le pop up doit rester affiché.",
	"wolfhud_dmg_popup_height_title" : "Hauteur du pop up",
	"wolfhud_dmg_popup_height_desc" : "Détermine à quelle hauteur au dessus de l'ennemi le pop up doit apparaître.",
	"wolfhud_dmg_popup_alpha_title" : "Opacité du pop up",
	"wolfhud_dmg_popup_alpha_desc" : "Définit l'opacité du pop up.",
	"wolfhud_dmg_popup_color_title" : "Tir dans le corps",
	"wolfhud_dmg_popup_color_desc" : "Définit la couleur du pop up lorsqu'un ennemi est touché dans le corps.",
	"wolfhud_dmg_popup_headshot_color_title" : "Tir à la tête",
	"wolfhud_dmg_popup_headshot_color_desc" : "Définit la couleur du pop up lorsqu'un ennemi est touché à la tête.",
	"wolfhud_dmg_popup_critical_color_title" : "Dégâts critiques",
	"wolfhud_dmg_popup_critical_color_desc" : "Définit la couleur du pop up lorsqu'un ennemi prend des dégâts critiques.",


	"wolfhud_enemyhealthbar_options_name" : "Barre de vie des ennemis",
	"wolfhud_enemyhealthbar_options_help" : "Détermine quelle unité ennemie devrait avoir une barre de vie.",

	"wolfhud_show_enemyhealthbar_title" : "Ennemis",
	"wolfhud_show_enemyhealthbar_desc" : "Affiche la barre de vie d'un ennemi lorsque vous le visez.\n(Changez de map pour que les changements s'effectuent...)",
	"wolfhud_show_civhealthbar_title" : "Civils",
	"wolfhud_show_civhealthbar_desc" : "Affihce une barre de vie pour les civils et les coéquipiers IA.",
	"wolfhud_show_carhealthbar_title" : "Véhicule",
	"wolfhud_show_carhealthbar_desc" : "Affiche une barre de vie pour les véhicules que vous pouvez conduire.",
	"wolfhud_show_healthbar_pointer_title" : "Afficher un pointeur",
	"wolfhud_show_healthbar_pointer_desc" : "Affiche une flèche en dessous de la barre de vie, indiquant à qui elle appartient.",

	"wolfhud_interaction_options_name" : "Paramètres d'actions",
	"wolfhud_interaction_options_help" : "Choisissez vos préférences en ce qui concerne les actions en jeu.",

	"wolfhud_press2hold_lock_mode_title" : "Verrouillage",
	"wolfhud_press2hold_lock_mode_desc" : "Verrouille l'action si vous l'avez maintenue pendant plus X secondes (En cours).\nVerrouille l'action si celle-ci dure plus de X secondes (Totale).",
	"wolfhud_press2hold_lock_mode_a" : "En cours",
	"wolfhud_press2hold_lock_mode_b" : "Totale",
	"wolfhud_press2hold_lock_mode_c" : "Bipeurs + crochetage",
	"wolfhud_press2hold_lock_mode_d" : "Bipeurs uniquement",
	"wolfhud_press2hold_min_timer_duration_title" : "Durée minimale",
	"wolfhud_press2hold_min_timer_duration_desc" : "Définit la durée minimale avant que l'action ne soit verrouillée.",
	"wolfhud_press2hold_show_lockindicator_title" : "Indicateur de verrouillage",
	"wolfhud_press2hold_show_lockindicator_desc" : "Afficher un cercle vert/rouge trasnparent qui indique si l'action est verrouillée ou non.",
	"wolfhud_press2hold_equipment_cancel_title" : "Interruption",
	"wolfhud_press2hold_equipment_cancel_desc" : "Interrompt une action verrouillée en appuyant sur la touche d'équipement.\n(Ou en appuyant une nouvelle fois sur la touche d'action.)",
	"wolfhud_press2hold_interrupt_hint_title" : "Indication d'interruption",
	"wolfhud_press2hold_interrupt_hint_desc" : "Affiche un texte qui vous rappelle quel bouton utiliser pour interrompre une action.",
	"wolfhud_press2hold_show_timer_title" : "Afficher le temps restant",
	"wolfhud_press2hold_show_timer_desc" : "Affiche le temps restant à l'intérieur du cercle de l'action.",
	"wolfhud_press2hold_show_circle_title" : "Afficher le cercle d'action",
	"wolfhud_press2hold_show_circle_desc" : "Définit si le cercle d'action doit être affiché.",
	"wolfhud_press2hold_circle_scale_title" : "Taille du cercle",
	"wolfhud_press2hold_circle_scale_desc" : "Définit la taille du cercle d'action.",
	"wolfhud_press2hold_timer_scale_title" : "Taille du chronomètre",
	"wolfhud_press2hold_timer_scale_desc" : "Définit la taille du chronomètre à l'intérieur du cercle (Prends en compte la taille du cercle).",
	"wolfhud_press2hold_text_scale_title" : "Taille du texte",
	"wolfhud_press2hold_text_scale_desc" : "Définit la taille du texte se situant en dessous du cercle d'action.",
	"wolfhud_press2hold_show_reload_circle_title" : "Temps de rechargement",
	"wolfhud_press2hold_show_reload_circle_desc" : "Détermine si le rechargement d'une arme doit être considéré comme une action.",
	"wolfhud_press2hold_show_melee_circle_title" : "Attaque de mêlée",
	"wolfhud_press2hold_show_melee_circle_desc" : "Détermine si le chargement d'une attaque de mêlée doit être considéré comme une action.",
	"wolfhud_press2hold_timer_color_start_title" : "Couleur chrono (Début)",
	"wolfhud_press2hold_timer_color_start_desc" : "Définit la couleur du chronomètre lorsque celui-ci commence.",
	"wolfhud_press2hold_timer_color_title" : "Couleur chrono (Fin)",
	"wolfhud_press2hold_timer_color_desc" : "Définit la couleur du chronomètre lorsque celui-ci se termine.",
	"wolfhud_press2hold_show_timer_outline_title" : "Contour noir",
	"wolfhud_press2hold_show_timer_outline_desc" : "Affiche un contour noir autour du texte.",
	"wolfhud_doubletap_nades_stealth_title" : "Suppression des grenades",
	"wolfhud_doubletap_nades_stealth_desc" : "Si cochée, vous devrez appuyer deux fois sur votre touche d'arme de jet pour lancer une grenade lors d'un braquage discret. \nCela a pour but d'éviter les accidents.",
	"wolfhud_hold_to_pick_title" : "Ramassage auto",
	"wolfhud_hold_to_pick_desc" : "Les petits butins seront automatiquement récupérés pendant que vous appuyez sur votre touche d'action.",

	"wolfhud_inventory_options_name" : "Paramètres de l'inventaire",
	"wolfhud_inventory_options_help" : "Paramètres pour changer l'aperçu de votre inventaire et modifier le comportement des équipements.",

	"wolfhud_equipment_senty_auto_ap_title" : "Tourelle perce-armure",
	"wolfhud_equipment_senty_auto_ap_desc" : "Les tourelles passeront automatiquement en mode perce-armure lorsqu'elles sont posées, si vous possédez les compétences requises.",
	"wolfhud_equipment_tripmine_auto_sensor_stealth_title" : "Mines en mode capteur",
	"wolfhud_equipment_tripmine_auto_sensor_stealth_desc" : "Lors d'un braquage discret, les mines apparaîtront automatiquement en mode capteur.",
	"wolfhud_equipment_ecm_feedback_disabled_stealth_title" : "Suppression Larcen CME",
	"wolfhud_equipment_ecm_feedback_disabled_stealth_desc" : "Le larsen des CME est désactivé lors de braquages discrets.",
	"wolfhud_equipment_shaped_charge_disabled_stealth_title" : "Suppression des charges creuses",
	"wolfhud_equipment_shaped_charge_disabled_stealth_desc" : "Si cochée, vous aurez à appuyer deux fois sur votre touche d'action pour placer des charges creuses lors d'un braquage discret. \nCela a pour but d'éviter les accidents.",
	"wolfhud_equipment_keycard_doors_disabled_title" : "Suppression portes à cartes d'accès",
	"wolfhud_equipment_keycard_doors_disabled_desc" : "Si cochée, vous aurez à appuyer deux fois sur votre touche d'action pour fermer une porte à carte d'accès, dans le jour 2 de l'Évasion d'Hoxton. \nCela a pour but d'éviter les accidents.",
	"wolfhud_override_fedinv" : "Enable Federal Inventory",
	"wolfhud_override_fedinv_desc" : "Enable colorized Inventory icons.\nRequires game restart to fully take effect.",

	"wolfhud_gadget_options_name" : "Paramètres des gadgets d'armes",
	"wolfhud_gadget_options_help" : "Définit la couleur des lasers.",

	"wolfhud_laser_autoon_title" : "Laser auto",
	"wolfhud_laser_autoon_desc" : "Allume automatiquement le laser de votre arme, si celle-ci en possède un.",
	"wolfhud_show_angeled_sight_title" : "Viseur incliné",
	"wolfhud_show_angeled_sight_desc" : "Permet d'incliner les armes équipées de viseur incliné dans vos mains sans avoir à viser.",

	"wolfhud_gadget_player_laser_options_name" : "Laser : joueur",
	"wolfhud_gadget_player_laser_options_help" : "Paramètres pour votre laser.",
	"wolfhud_gadget_player_sentry_laser_options_name" : "Tourelles : joueur",
	"wolfhud_gadget_player_sentry_laser_options_help" : "Paramètres pour le lasers de vos tourelles.",
	"wolfhud_gadget_team_laser_options_name" : "Lasers : coéquipiers",
	"wolfhud_gadget_team_laser_options_help" : "Paramètres pour les lasers de vos coéquipiers.",
	"wolfhud_gadget_team_sentry_laser_options_name" : "Tourelles : coéquipiers",
	"wolfhud_gadget_team_sentry_laser_options_help" : "Paramètres pour le lasers des tourelles de vos coéquipiers.",
	"wolfhud_gadget_sniper_laser_options_name" : "Laser : sniper",
	"wolfhud_gadget_sniper_laser_options_help" : "Paramètres pour le laser des tireurs de précision ennemis.",
	"wolfhud_gadget_turret_laser_active_options_name" : "Laser : tourellle SWAT (Active)",
	"wolfhud_gadget_turret_laser_active_options_help" : "Paramètres pour le laser des tourelles SWAT en fonction.",
	"wolfhud_gadget_turret_laser_rearming_options_name" : "Laser : tourellle SWAT (Recharge)",
	"wolfhud_gadget_turret_laser_rearming_options_help" : "Paramètres pour le laser des tourelles SWAT en train de recharger.",
	"wolfhud_gadget_turret_laser_mad_options_name" : "Laser : tourellle SWAT (Bloquée)",
	"wolfhud_gadget_turret_laser_mad_options_help" : "Paramètres pour le laser des tourelles SWAT coincées.",
	"wolfhud_gadget_player_flashlight_options_name" : "Torche : joueur",
	"wolfhud_gadget_player_flashlight_options_help" : "Paramètres pour votre lampe torche.",
	"wolfhud_gadget_team_flashlight_options_name" : "Torche : coéquipiers",
	"wolfhud_gadget_team_flashlight_options_help" : "Paramètres pour les lampes torches de vos coéquipiers.",

	"wolfhud_gadgets_enabled_title" : "Utiliser cette couleur",
	"wolfhud_gadgets_enabled_desc" : "Utiliser cette couleur plutôt que celle définie pour le gadget.",
	"wolfhud_gadgets_beam_r_title" : "Rayon laser (R)",
	"wolfhud_gadgets_beam_r_desc" : "Composant rouge de la couleur du rayon laser.",
	"wolfhud_gadgets_beam_g_title" : "Rayon laser (V)",
	"wolfhud_gadgets_beam_g_desc" : "Composant vert de la couleur du rayon laser.",
	"wolfhud_gadgets_beam_b_title" : "Rayon laser (B)",
	"wolfhud_gadgets_beam_b_desc" : "Composant bleu de la couleur du rayon laser.",
	"wolfhud_gadgets_beam_a_title" : "Opacité",
	"wolfhud_gadgets_beam_a_desc" : "Opacité du rayon laser.",
	"wolfhud_gadgets_dot_match_title" : "Point lumineux",
	"wolfhud_gadgets_dot_match_desc" : "Détermine si la couleur du point lumineux du laseur doit être la même que celle utilisée par la rayon.",
	"wolfhud_gadgets_dot_r_title" : "Point lumineux (R)",
	"wolfhud_gadgets_dot_r_desc" : "Composant rouge de la couleur du point lumineux.",
	"wolfhud_gadgets_dot_g_title" : "Point lumineux (V)",
	"wolfhud_gadgets_dot_g_desc" : "Composant vert de la couleur du point lumineux.",
	"wolfhud_gadgets_dot_b_title" : "Point lumineux (B)",
	"wolfhud_gadgets_dot_b_desc" : "Composant bleu de la couleur du point lumineux.",
	"wolfhud_gadgets_dot_a_title" : "Opacité",
	"wolfhud_gadgets_dot_a_desc" : "Opacité du point lumineux du laser.",
	"wolfhud_gadgets_glow_match_title" : "Lueur",
	"wolfhud_gadgets_glow_match_desc" : "Détermine si la couleur de la lueur du laser doit être la même que celle utilisée par le rayon.",
	"wolfhud_gadgets_glow_r_title" : "Lueur (R)",
	"wolfhud_gadgets_glow_r_desc" : "Composant rouge de la couleur de la lueur.",
	"wolfhud_gadgets_glow_g_title" : "Lueur (V)",
	"wolfhud_gadgets_glow_g_desc" : "Composant vert de la couleur de la lueur.",
	"wolfhud_gadgets_glow_b_title" : "Lueur (B)",
	"wolfhud_gadgets_glow_b_desc" : "Composant bleu de la couleur de la lueur.",
	"wolfhud_gadgets_glow_a_title" : "Opacité",
	"wolfhud_gadgets_glow_a_desc" : "Opacité de la lueur du laser.",
	"wolfhud_gadgets_light_r_title" : "Lampe torche (R)",
	"wolfhud_gadgets_light_r_desc" : "Composant rouge de la couleur de la lampe torche.",
	"wolfhud_gadgets_light_g_title" : "Flashlight (V)",
	"wolfhud_gadgets_light_g_desc" : "Composant vert de la couleur de la lampe torche.",
	"wolfhud_gadgets_light_b_title" : "Flashlight (B)",
	"wolfhud_gadgets_light_b_desc" : "Composant bleu de la couleur de la lampe torche.",
	"wolfhud_gadgets_light_brightness_title" : "Luminosité",
	"wolfhud_gadgets_light_brightness_desc" : "Luminosité de la lampe torche.",
	"wolfhud_gadgets_light_angle_title" : "Angle",
	"wolfhud_gadgets_light_angle_desc" : "Angle illuminé par la torche.",
	"wolfhud_gadgets_light_range_title" : "Étendue",
	"wolfhud_gadgets_light_range_desc" : "Distance que la torche peut éclairer.",
	"wolfhud_gadgets_rainbow_enabled_title" : "Multicolore",
	"wolfhud_gadgets_rainbow_enabled_desc" : "Active le mode multicolore.",
	"wolfhud_gadgets_rainbow_frequency_title" : "Fréquence",
	"wolfhud_gadgets_rainbow_frequency_desc" : "Détermine à quelle vitesse les couleurs changent.",
	"wolfhud_gadgets_pulse_enabled_title" : "Impulsion",
	"wolfhud_gadgets_pulse_enabled_desc" : "Active le mode impulsion.",
	"wolfhud_gadgets_pulse_min_title" : "Min",
	"wolfhud_gadgets_pulse_min_desc" : "Opacité minimale utilisée lors d'une impulsion.",
	"wolfhud_gadgets_pulse_max_title" : "Max",
	"wolfhud_gadgets_pulse_max_desc" : "Opacité maximale utilisée lors d'une impulsion.",
	"wolfhud_gadgets_pulse_frequency_title" : "Fréquence",
	"wolfhud_gadgets_pulse_frequency_desc" : "Détermine le temps que mets une impulsion à passer de l'opacité minimale à l'opacité maximale.",

	"wolfhud_skipit_options_name" : "Paramètres : Skip-It",
	"wolfhud_skipit_options_help" : "Paramètres qui permet de sauter automatiquement des menus inutiles afin de gagner du temps.",
	"wolfhud_assaultbanner_options_name" : "Paramètres de la bannière d'assaut",
	"wolfhud_assaultbanner_options_help" : "Paramètres pour changer l'apparence de la bannière d'assaut."
}
